卷章,卷,章,AI超連結_V1
希伯來書第1章,希伯來書,1,https://jaoccjames.github.io/bible-reading-matrix/HTML/58希伯來書/希伯來書第01章.html
希伯來書第2章,希伯來書,2,https://jaoccjames.github.io/bible-reading-matrix/HTML/58希伯來書/希伯來書第02章.html
希伯來書第3章,希伯來書,3,https://jaoccjames.github.io/bible-reading-matrix/HTML/58希伯來書/希伯來書第03章.html
希伯來書第4章,希伯來書,4,https://jaoccjames.github.io/bible-reading-matrix/HTML/58希伯來書/希伯來書第04章.html
希伯來書第5章,希伯來書,5,https://jaoccjames.github.io/bible-reading-matrix/HTML/58希伯來書/希伯來書第05章.html
希伯來書第6章,希伯來書,6,https://jaoccjames.github.io/bible-reading-matrix/HTML/58希伯來書/希伯來書第06章.html
希伯來書第7章,希伯來書,7,https://jaoccjames.github.io/bible-reading-matrix/HTML/58希伯來書/希伯來書第07章.html
希伯來書第8章,希伯來書,8,https://jaoccjames.github.io/bible-reading-matrix/HTML/58希伯來書/希伯來書第08章.html
希伯來書第9章,希伯來書,9,https://jaoccjames.github.io/bible-reading-matrix/HTML/58希伯來書/希伯來書第09章.html
希伯來書第10章,希伯來書,10,https://jaoccjames.github.io/bible-reading-matrix/HTML/58希伯來書/希伯來書第10章.html
希伯來書第11章,希伯來書,11,https://jaoccjames.github.io/bible-reading-matrix/HTML/58希伯來書/希伯來書第11章.html
希伯來書第12章,希伯來書,12,https://jaoccjames.github.io/bible-reading-matrix/HTML/58希伯來書/希伯來書第12章.html
希伯來書第13章,希伯來書,13,https://jaoccjames.github.io/bible-reading-matrix/HTML/58希伯來書/希伯來書第13章.html
創世記第1章,創世記,1,https://jaoccjames.github.io/bible-reading-matrix/HTML/01創世記/創世記第01章.html
創世記第2章,創世記,2,https://jaoccjames.github.io/bible-reading-matrix/HTML/01創世記/創世記第02章.html
創世記第3章,創世記,3,https://jaoccjames.github.io/bible-reading-matrix/HTML/01創世記/創世記第03章.html
創世記第4章,創世記,4,https://jaoccjames.github.io/bible-reading-matrix/HTML/01創世記/創世記第04章.html
創世記第5章,創世記,5,https://jaoccjames.github.io/bible-reading-matrix/HTML/01創世記/創世記第05章.html
創世記第6章,創世記,6,https://jaoccjames.github.io/bible-reading-matrix/HTML/01創世記/創世記第06章.html
創世記第7章,創世記,7,https://jaoccjames.github.io/bible-reading-matrix/HTML/01創世記/創世記第07章.html
創世記第8章,創世記,8,https://jaoccjames.github.io/bible-reading-matrix/HTML/01創世記/創世記第08章.html
創世記第9章,創世記,9,https://jaoccjames.github.io/bible-reading-matrix/HTML/01創世記/創世記第09章.html
創世記第10章,創世記,10,https://jaoccjames.github.io/bible-reading-matrix/HTML/01創世記/創世記第10章.html
創世記第11章,創世記,11,https://jaoccjames.github.io/bible-reading-matrix/HTML/01創世記/創世記第11章.html
創世記第12章,創世記,12,https://jaoccjames.github.io/bible-reading-matrix/HTML/01創世記/創世記第12章.html
創世記第13章,創世記,13,https://jaoccjames.github.io/bible-reading-matrix/HTML/01創世記/創世記第13章.html
創世記第14章,創世記,14,https://jaoccjames.github.io/bible-reading-matrix/HTML/01創世記/創世記第14章.html
創世記第15章,創世記,15,https://jaoccjames.github.io/bible-reading-matrix/HTML/01創世記/創世記第15章.html
創世記第16章,創世記,16,https://jaoccjames.github.io/bible-reading-matrix/HTML/01創世記/創世記第16章.html
創世記第17章,創世記,17,https://jaoccjames.github.io/bible-reading-matrix/HTML/01創世記/創世記第17章.html
創世記第18章,創世記,18,https://jaoccjames.github.io/bible-reading-matrix/HTML/01創世記/創世記第18章.html
創世記第19章,創世記,19,https://jaoccjames.github.io/bible-reading-matrix/HTML/01創世記/創世記第19章.html
創世記第20章,創世記,20,https://jaoccjames.github.io/bible-reading-matrix/HTML/01創世記/創世記第20章.html
創世記第21章,創世記,21,https://jaoccjames.github.io/bible-reading-matrix/HTML/01創世記/創世記第21章.html
創世記第22章,創世記,22,https://jaoccjames.github.io/bible-reading-matrix/HTML/01創世記/創世記第22章.html
創世記第23章,創世記,23,https://jaoccjames.github.io/bible-reading-matrix/HTML/01創世記/創世記第23章.html
創世記第24章,創世記,24,https://jaoccjames.github.io/bible-reading-matrix/HTML/01創世記/創世記第24章.html
創世記第25章,創世記,25,https://jaoccjames.github.io/bible-reading-matrix/HTML/01創世記/創世記第25章.html
創世記第26章,創世記,26,https://jaoccjames.github.io/bible-reading-matrix/HTML/01創世記/創世記第26章.html
創世記第27章,創世記,27,https://jaoccjames.github.io/bible-reading-matrix/HTML/01創世記/創世記第27章.html
創世記第28章,創世記,28,https://jaoccjames.github.io/bible-reading-matrix/HTML/01創世記/創世記第28章.html
創世記第29章,創世記,29,https://jaoccjames.github.io/bible-reading-matrix/HTML/01創世記/創世記第29章.html
創世記第30章,創世記,30,https://jaoccjames.github.io/bible-reading-matrix/HTML/01創世記/創世記第30章.html
創世記第31章,創世記,31,https://jaoccjames.github.io/bible-reading-matrix/HTML/01創世記/創世記第31章.html
創世記第32章,創世記,32,https://jaoccjames.github.io/bible-reading-matrix/HTML/01創世記/創世記第32章.html
創世記第33章,創世記,33,https://jaoccjames.github.io/bible-reading-matrix/HTML/01創世記/創世記第33章.html
創世記第34章,創世記,34,https://jaoccjames.github.io/bible-reading-matrix/HTML/01創世記/創世記第34章.html
創世記第35章,創世記,35,https://jaoccjames.github.io/bible-reading-matrix/HTML/01創世記/創世記第35章.html
創世記第36章,創世記,36,https://jaoccjames.github.io/bible-reading-matrix/HTML/01創世記/創世記第36章.html
創世記第37章,創世記,37,https://jaoccjames.github.io/bible-reading-matrix/HTML/01創世記/創世記第37章.html
創世記第38章,創世記,38,https://jaoccjames.github.io/bible-reading-matrix/HTML/01創世記/創世記第38章.html
創世記第39章,創世記,39,https://jaoccjames.github.io/bible-reading-matrix/HTML/01創世記/創世記第39章.html
創世記第40章,創世記,40,https://jaoccjames.github.io/bible-reading-matrix/HTML/01創世記/創世記第40章.html
創世記第41章,創世記,41,https://jaoccjames.github.io/bible-reading-matrix/HTML/01創世記/創世記第41章.html
創世記第42章,創世記,42,https://jaoccjames.github.io/bible-reading-matrix/HTML/01創世記/創世記第42章.html
創世記第43章,創世記,43,https://jaoccjames.github.io/bible-reading-matrix/HTML/01創世記/創世記第43章.html
創世記第44章,創世記,44,https://jaoccjames.github.io/bible-reading-matrix/HTML/01創世記/創世記第44章.html
創世記第45章,創世記,45,https://jaoccjames.github.io/bible-reading-matrix/HTML/01創世記/創世記第45章.html
創世記第46章,創世記,46,https://jaoccjames.github.io/bible-reading-matrix/HTML/01創世記/創世記第46章.html
創世記第47章,創世記,47,https://jaoccjames.github.io/bible-reading-matrix/HTML/01創世記/創世記第47章.html
創世記第48章,創世記,48,https://jaoccjames.github.io/bible-reading-matrix/HTML/01創世記/創世記第48章.html
創世記第49章,創世記,49,https://jaoccjames.github.io/bible-reading-matrix/HTML/01創世記/創世記第49章.html
創世記第50章,創世記,50,https://jaoccjames.github.io/bible-reading-matrix/HTML/01創世記/創世記第50章.html
馬太福音第1章,馬太福音,1,https://jaoccjames.github.io/bible-reading-matrix/HTML/40馬太福音/馬太福音第01章.html
馬太福音第2章,馬太福音,2,https://jaoccjames.github.io/bible-reading-matrix/HTML/40馬太福音/馬太福音第02章.html
馬太福音第3章,馬太福音,3,https://jaoccjames.github.io/bible-reading-matrix/HTML/40馬太福音/馬太福音第03章.html
馬太福音第4章,馬太福音,4,https://jaoccjames.github.io/bible-reading-matrix/HTML/40馬太福音/馬太福音第04章.html
馬太福音第5章,馬太福音,5,https://jaoccjames.github.io/bible-reading-matrix/HTML/40馬太福音/馬太福音第05章.html
馬太福音第6章,馬太福音,6,https://jaoccjames.github.io/bible-reading-matrix/HTML/40馬太福音/馬太福音第06章.html
馬太福音第7章,馬太福音,7,https://jaoccjames.github.io/bible-reading-matrix/HTML/40馬太福音/馬太福音第07章.html
馬太福音第8章,馬太福音,8,https://jaoccjames.github.io/bible-reading-matrix/HTML/40馬太福音/馬太福音第08章.html
馬太福音第9章,馬太福音,9,https://jaoccjames.github.io/bible-reading-matrix/HTML/40馬太福音/馬太福音第09章.html
馬太福音第10章,馬太福音,10,https://jaoccjames.github.io/bible-reading-matrix/HTML/40馬太福音/馬太福音第10章.html
馬太福音第11章,馬太福音,11,https://jaoccjames.github.io/bible-reading-matrix/HTML/40馬太福音/馬太福音第11章.html
馬太福音第12章,馬太福音,12,https://jaoccjames.github.io/bible-reading-matrix/HTML/40馬太福音/馬太福音第12章.html
馬太福音第13章,馬太福音,13,https://jaoccjames.github.io/bible-reading-matrix/HTML/40馬太福音/馬太福音第13章.html
馬太福音第14章,馬太福音,14,https://jaoccjames.github.io/bible-reading-matrix/HTML/40馬太福音/馬太福音第14章.html
馬太福音第15章,馬太福音,15,https://jaoccjames.github.io/bible-reading-matrix/HTML/40馬太福音/馬太福音第15章.html
馬太福音第16章,馬太福音,16,https://jaoccjames.github.io/bible-reading-matrix/HTML/40馬太福音/馬太福音第16章.html
馬太福音第17章,馬太福音,17,https://jaoccjames.github.io/bible-reading-matrix/HTML/40馬太福音/馬太福音第17章.html
馬太福音第18章,馬太福音,18,https://jaoccjames.github.io/bible-reading-matrix/HTML/40馬太福音/馬太福音第18章.html
馬太福音第19章,馬太福音,19,https://jaoccjames.github.io/bible-reading-matrix/HTML/40馬太福音/馬太福音第19章.html
馬太福音第20章,馬太福音,20,https://jaoccjames.github.io/bible-reading-matrix/HTML/40馬太福音/馬太福音第20章.html
馬太福音第21章,馬太福音,21,https://jaoccjames.github.io/bible-reading-matrix/HTML/40馬太福音/馬太福音第21章.html
馬太福音第22章,馬太福音,22,https://jaoccjames.github.io/bible-reading-matrix/HTML/40馬太福音/馬太福音第22章.html
馬太福音第23章,馬太福音,23,https://jaoccjames.github.io/bible-reading-matrix/HTML/40馬太福音/馬太福音第23章.html
馬太福音第24章,馬太福音,24,https://jaoccjames.github.io/bible-reading-matrix/HTML/40馬太福音/馬太福音第24章.html
馬太福音第25章,馬太福音,25,https://jaoccjames.github.io/bible-reading-matrix/HTML/40馬太福音/馬太福音第25章.html
馬太福音第26章,馬太福音,26,https://jaoccjames.github.io/bible-reading-matrix/HTML/40馬太福音/馬太福音第26章.html
馬太福音第27章,馬太福音,27,https://jaoccjames.github.io/bible-reading-matrix/HTML/40馬太福音/馬太福音第27章.html
馬太福音第28章,馬太福音,28,https://jaoccjames.github.io/bible-reading-matrix/HTML/40馬太福音/馬太福音第28章.html
撒迦利亞書第1章,撒迦利亞書,1,https://jaoccjames.github.io/bible-reading-matrix/HTML/38撒迦利亞書/撒迦利亞書第01章.html
撒迦利亞書第2章,撒迦利亞書,2,https://jaoccjames.github.io/bible-reading-matrix/HTML/38撒迦利亞書/撒迦利亞書第02章.html
撒迦利亞書第3章,撒迦利亞書,3,https://jaoccjames.github.io/bible-reading-matrix/HTML/38撒迦利亞書/撒迦利亞書第03章.html
撒迦利亞書第4章,撒迦利亞書,4,https://jaoccjames.github.io/bible-reading-matrix/HTML/38撒迦利亞書/撒迦利亞書第04章.html
撒迦利亞書第5章,撒迦利亞書,5,https://jaoccjames.github.io/bible-reading-matrix/HTML/38撒迦利亞書/撒迦利亞書第05章.html
撒迦利亞書第6章,撒迦利亞書,6,https://jaoccjames.github.io/bible-reading-matrix/HTML/38撒迦利亞書/撒迦利亞書第06章.html
撒迦利亞書第7章,撒迦利亞書,7,https://jaoccjames.github.io/bible-reading-matrix/HTML/38撒迦利亞書/撒迦利亞書第07章.html
撒迦利亞書第8章,撒迦利亞書,8,https://jaoccjames.github.io/bible-reading-matrix/HTML/38撒迦利亞書/撒迦利亞書第08章.html
撒迦利亞書第9章,撒迦利亞書,9,https://jaoccjames.github.io/bible-reading-matrix/HTML/38撒迦利亞書/撒迦利亞書第09章.html
撒迦利亞書第10章,撒迦利亞書,10,https://jaoccjames.github.io/bible-reading-matrix/HTML/38撒迦利亞書/撒迦利亞書第10章.html
撒迦利亞書第11章,撒迦利亞書,11,https://jaoccjames.github.io/bible-reading-matrix/HTML/38撒迦利亞書/撒迦利亞書第11章.html
撒迦利亞書第12章,撒迦利亞書,12,https://jaoccjames.github.io/bible-reading-matrix/HTML/38撒迦利亞書/撒迦利亞書第12章.html
撒迦利亞書第13章,撒迦利亞書,13,https://jaoccjames.github.io/bible-reading-matrix/HTML/38撒迦利亞書/撒迦利亞書第13章.html
撒迦利亞書第14章,撒迦利亞書,14,https://jaoccjames.github.io/bible-reading-matrix/HTML/38撒迦利亞書/撒迦利亞書第14章.html
猶大書第1章,猶大書,1,https://jaoccjames.github.io/bible-reading-matrix/HTML/65猶大書/猶大書第01章.html
士師記第1章,士師記,1,https://jaoccjames.github.io/bible-reading-matrix/HTML/07士師記/士師記第01章.html
士師記第2章,士師記,2,https://jaoccjames.github.io/bible-reading-matrix/HTML/07士師記/士師記第02章.html
士師記第3章,士師記,3,https://jaoccjames.github.io/bible-reading-matrix/HTML/07士師記/士師記第03章.html
士師記第4章,士師記,4,https://jaoccjames.github.io/bible-reading-matrix/HTML/07士師記/士師記第04章.html
士師記第5章,士師記,5,https://jaoccjames.github.io/bible-reading-matrix/HTML/07士師記/士師記第05章.html
士師記第6章,士師記,6,https://jaoccjames.github.io/bible-reading-matrix/HTML/07士師記/士師記第06章.html
士師記第7章,士師記,7,https://jaoccjames.github.io/bible-reading-matrix/HTML/07士師記/士師記第07章.html
士師記第8章,士師記,8,https://jaoccjames.github.io/bible-reading-matrix/HTML/07士師記/士師記第08章.html
士師記第9章,士師記,9,https://jaoccjames.github.io/bible-reading-matrix/HTML/07士師記/士師記第09章.html
士師記第10章,士師記,10,https://jaoccjames.github.io/bible-reading-matrix/HTML/07士師記/士師記第10章.html
士師記第11章,士師記,11,https://jaoccjames.github.io/bible-reading-matrix/HTML/07士師記/士師記第11章.html
士師記第12章,士師記,12,https://jaoccjames.github.io/bible-reading-matrix/HTML/07士師記/士師記第12章.html
士師記第13章,士師記,13,https://jaoccjames.github.io/bible-reading-matrix/HTML/07士師記/士師記第13章.html
士師記第14章,士師記,14,https://jaoccjames.github.io/bible-reading-matrix/HTML/07士師記/士師記第14章.html
士師記第15章,士師記,15,https://jaoccjames.github.io/bible-reading-matrix/HTML/07士師記/士師記第15章.html
士師記第16章,士師記,16,https://jaoccjames.github.io/bible-reading-matrix/HTML/07士師記/士師記第16章.html
士師記第17章,士師記,17,https://jaoccjames.github.io/bible-reading-matrix/HTML/07士師記/士師記第17章.html
士師記第18章,士師記,18,https://jaoccjames.github.io/bible-reading-matrix/HTML/07士師記/士師記第18章.html
士師記第19章,士師記,19,https://jaoccjames.github.io/bible-reading-matrix/HTML/07士師記/士師記第19章.html
士師記第20章,士師記,20,https://jaoccjames.github.io/bible-reading-matrix/HTML/07士師記/士師記第20章.html
士師記第21章,士師記,21,https://jaoccjames.github.io/bible-reading-matrix/HTML/07士師記/士師記第21章.html
雅各書第1章,雅各書,1,https://jaoccjames.github.io/bible-reading-matrix/HTML/59雅各書/雅各書第01章.html
雅各書第2章,雅各書,2,https://jaoccjames.github.io/bible-reading-matrix/HTML/59雅各書/雅各書第02章.html
雅各書第3章,雅各書,3,https://jaoccjames.github.io/bible-reading-matrix/HTML/59雅各書/雅各書第03章.html
雅各書第4章,雅各書,4,https://jaoccjames.github.io/bible-reading-matrix/HTML/59雅各書/雅各書第04章.html
雅各書第5章,雅各書,5,https://jaoccjames.github.io/bible-reading-matrix/HTML/59雅各書/雅各書第05章.html
路得記第1章,路得記,1,https://jaoccjames.github.io/bible-reading-matrix/HTML/08路得記/路得記第01章.html
路得記第2章,路得記,2,https://jaoccjames.github.io/bible-reading-matrix/HTML/08路得記/路得記第02章.html
路得記第3章,路得記,3,https://jaoccjames.github.io/bible-reading-matrix/HTML/08路得記/路得記第03章.html
路得記第4章,路得記,4,https://jaoccjames.github.io/bible-reading-matrix/HTML/08路得記/路得記第04章.html
撒母耳記上第1章,撒母耳記上,1,https://jaoccjames.github.io/bible-reading-matrix/HTML/09撒母耳記上/撒母耳記上第01章.html
撒母耳記上第2章,撒母耳記上,2,https://jaoccjames.github.io/bible-reading-matrix/HTML/09撒母耳記上/撒母耳記上第02章.html
撒母耳記上第3章,撒母耳記上,3,https://jaoccjames.github.io/bible-reading-matrix/HTML/09撒母耳記上/撒母耳記上第03章.html
撒母耳記上第4章,撒母耳記上,4,https://jaoccjames.github.io/bible-reading-matrix/HTML/09撒母耳記上/撒母耳記上第04章.html
撒母耳記上第5章,撒母耳記上,5,https://jaoccjames.github.io/bible-reading-matrix/HTML/09撒母耳記上/撒母耳記上第05章.html
撒母耳記上第6章,撒母耳記上,6,https://jaoccjames.github.io/bible-reading-matrix/HTML/09撒母耳記上/撒母耳記上第06章.html
撒母耳記上第7章,撒母耳記上,7,https://jaoccjames.github.io/bible-reading-matrix/HTML/09撒母耳記上/撒母耳記上第07章.html
撒母耳記上第8章,撒母耳記上,8,https://jaoccjames.github.io/bible-reading-matrix/HTML/09撒母耳記上/撒母耳記上第08章.html
撒母耳記上第9章,撒母耳記上,9,https://jaoccjames.github.io/bible-reading-matrix/HTML/09撒母耳記上/撒母耳記上第09章.html
撒母耳記上第10章,撒母耳記上,10,https://jaoccjames.github.io/bible-reading-matrix/HTML/09撒母耳記上/撒母耳記上第10章.html
撒母耳記上第11章,撒母耳記上,11,https://jaoccjames.github.io/bible-reading-matrix/HTML/09撒母耳記上/撒母耳記上第11章.html
撒母耳記上第12章,撒母耳記上,12,https://jaoccjames.github.io/bible-reading-matrix/HTML/09撒母耳記上/撒母耳記上第12章.html
撒母耳記上第13章,撒母耳記上,13,https://jaoccjames.github.io/bible-reading-matrix/HTML/09撒母耳記上/撒母耳記上第13章.html
撒母耳記上第14章,撒母耳記上,14,https://jaoccjames.github.io/bible-reading-matrix/HTML/09撒母耳記上/撒母耳記上第14章.html
撒母耳記上第15章,撒母耳記上,15,https://jaoccjames.github.io/bible-reading-matrix/HTML/09撒母耳記上/撒母耳記上第15章.html
撒母耳記上第16章,撒母耳記上,16,https://jaoccjames.github.io/bible-reading-matrix/HTML/09撒母耳記上/撒母耳記上第16章.html
撒母耳記上第17章,撒母耳記上,17,https://jaoccjames.github.io/bible-reading-matrix/HTML/09撒母耳記上/撒母耳記上第17章.html
撒母耳記上第18章,撒母耳記上,18,https://jaoccjames.github.io/bible-reading-matrix/HTML/09撒母耳記上/撒母耳記上第18章.html
撒母耳記上第19章,撒母耳記上,19,https://jaoccjames.github.io/bible-reading-matrix/HTML/09撒母耳記上/撒母耳記上第19章.html
撒母耳記上第20章,撒母耳記上,20,https://jaoccjames.github.io/bible-reading-matrix/HTML/09撒母耳記上/撒母耳記上第20章.html
撒母耳記上第21章,撒母耳記上,21,https://jaoccjames.github.io/bible-reading-matrix/HTML/09撒母耳記上/撒母耳記上第21章.html
撒母耳記上第22章,撒母耳記上,22,https://jaoccjames.github.io/bible-reading-matrix/HTML/09撒母耳記上/撒母耳記上第22章.html
撒母耳記上第23章,撒母耳記上,23,https://jaoccjames.github.io/bible-reading-matrix/HTML/09撒母耳記上/撒母耳記上第23章.html
撒母耳記上第24章,撒母耳記上,24,https://jaoccjames.github.io/bible-reading-matrix/HTML/09撒母耳記上/撒母耳記上第24章.html
撒母耳記上第25章,撒母耳記上,25,https://jaoccjames.github.io/bible-reading-matrix/HTML/09撒母耳記上/撒母耳記上第25章.html
撒母耳記上第26章,撒母耳記上,26,https://jaoccjames.github.io/bible-reading-matrix/HTML/09撒母耳記上/撒母耳記上第26章.html
撒母耳記上第27章,撒母耳記上,27,https://jaoccjames.github.io/bible-reading-matrix/HTML/09撒母耳記上/撒母耳記上第27章.html
撒母耳記上第28章,撒母耳記上,28,https://jaoccjames.github.io/bible-reading-matrix/HTML/09撒母耳記上/撒母耳記上第28章.html
撒母耳記上第29章,撒母耳記上,29,https://jaoccjames.github.io/bible-reading-matrix/HTML/09撒母耳記上/撒母耳記上第29章.html
撒母耳記上第30章,撒母耳記上,30,https://jaoccjames.github.io/bible-reading-matrix/HTML/09撒母耳記上/撒母耳記上第30章.html
撒母耳記上第31章,撒母耳記上,31,https://jaoccjames.github.io/bible-reading-matrix/HTML/09撒母耳記上/撒母耳記上第31章.html
撒母耳記下第1章,撒母耳記下,1,https://jaoccjames.github.io/bible-reading-matrix/HTML/10撒母耳記下/撒母耳記下第01章.html
撒母耳記下第2章,撒母耳記下,2,https://jaoccjames.github.io/bible-reading-matrix/HTML/10撒母耳記下/撒母耳記下第02章.html
撒母耳記下第3章,撒母耳記下,3,https://jaoccjames.github.io/bible-reading-matrix/HTML/10撒母耳記下/撒母耳記下第03章.html
撒母耳記下第4章,撒母耳記下,4,https://jaoccjames.github.io/bible-reading-matrix/HTML/10撒母耳記下/撒母耳記下第04章.html
撒母耳記下第5章,撒母耳記下,5,https://jaoccjames.github.io/bible-reading-matrix/HTML/10撒母耳記下/撒母耳記下第05章.html
撒母耳記下第6章,撒母耳記下,6,https://jaoccjames.github.io/bible-reading-matrix/HTML/10撒母耳記下/撒母耳記下第06章.html
撒母耳記下第7章,撒母耳記下,7,https://jaoccjames.github.io/bible-reading-matrix/HTML/10撒母耳記下/撒母耳記下第07章.html
撒母耳記下第8章,撒母耳記下,8,https://jaoccjames.github.io/bible-reading-matrix/HTML/10撒母耳記下/撒母耳記下第08章.html
撒母耳記下第9章,撒母耳記下,9,https://jaoccjames.github.io/bible-reading-matrix/HTML/10撒母耳記下/撒母耳記下第09章.html
撒母耳記下第10章,撒母耳記下,10,https://jaoccjames.github.io/bible-reading-matrix/HTML/10撒母耳記下/撒母耳記下第10章.html
撒母耳記下第11章,撒母耳記下,11,https://jaoccjames.github.io/bible-reading-matrix/HTML/10撒母耳記下/撒母耳記下第11章.html
撒母耳記下第12章,撒母耳記下,12,https://jaoccjames.github.io/bible-reading-matrix/HTML/10撒母耳記下/撒母耳記下第12章.html
撒母耳記下第13章,撒母耳記下,13,https://jaoccjames.github.io/bible-reading-matrix/HTML/10撒母耳記下/撒母耳記下第13章.html
撒母耳記下第14章,撒母耳記下,14,https://jaoccjames.github.io/bible-reading-matrix/HTML/10撒母耳記下/撒母耳記下第14章.html
撒母耳記下第15章,撒母耳記下,15,https://jaoccjames.github.io/bible-reading-matrix/HTML/10撒母耳記下/撒母耳記下第15章.html
撒母耳記下第16章,撒母耳記下,16,https://jaoccjames.github.io/bible-reading-matrix/HTML/10撒母耳記下/撒母耳記下第16章.html
撒母耳記下第17章,撒母耳記下,17,https://jaoccjames.github.io/bible-reading-matrix/HTML/10撒母耳記下/撒母耳記下第17章.html
撒母耳記下第18章,撒母耳記下,18,https://jaoccjames.github.io/bible-reading-matrix/HTML/10撒母耳記下/撒母耳記下第18章.html
撒母耳記下第19章,撒母耳記下,19,https://jaoccjames.github.io/bible-reading-matrix/HTML/10撒母耳記下/撒母耳記下第19章.html
撒母耳記下第20章,撒母耳記下,20,https://jaoccjames.github.io/bible-reading-matrix/HTML/10撒母耳記下/撒母耳記下第20章.html
撒母耳記下第21章,撒母耳記下,21,https://jaoccjames.github.io/bible-reading-matrix/HTML/10撒母耳記下/撒母耳記下第21章.html
撒母耳記下第22章,撒母耳記下,22,https://jaoccjames.github.io/bible-reading-matrix/HTML/10撒母耳記下/撒母耳記下第22章.html
撒母耳記下第23章,撒母耳記下,23,https://jaoccjames.github.io/bible-reading-matrix/HTML/10撒母耳記下/撒母耳記下第23章.html
撒母耳記下第24章,撒母耳記下,24,https://jaoccjames.github.io/bible-reading-matrix/HTML/10撒母耳記下/撒母耳記下第24章.html
歌羅西書第1章,歌羅西書,1,https://jaoccjames.github.io/bible-reading-matrix/HTML/51歌羅西書/歌羅西書第01章.html
歌羅西書第2章,歌羅西書,2,https://jaoccjames.github.io/bible-reading-matrix/HTML/51歌羅西書/歌羅西書第02章.html
歌羅西書第3章,歌羅西書,3,https://jaoccjames.github.io/bible-reading-matrix/HTML/51歌羅西書/歌羅西書第03章.html
歌羅西書第4章,歌羅西書,4,https://jaoccjames.github.io/bible-reading-matrix/HTML/51歌羅西書/歌羅西書第04章.html
歷代志上第1章,歷代志上,1,https://jaoccjames.github.io/bible-reading-matrix/HTML/13歷代志上/歷代志上第01章.html
歷代志上第2章,歷代志上,2,https://jaoccjames.github.io/bible-reading-matrix/HTML/13歷代志上/歷代志上第02章.html
歷代志上第3章,歷代志上,3,https://jaoccjames.github.io/bible-reading-matrix/HTML/13歷代志上/歷代志上第03章.html
歷代志上第4章,歷代志上,4,https://jaoccjames.github.io/bible-reading-matrix/HTML/13歷代志上/歷代志上第04章.html
歷代志上第5章,歷代志上,5,https://jaoccjames.github.io/bible-reading-matrix/HTML/13歷代志上/歷代志上第05章.html
歷代志上第6章,歷代志上,6,https://jaoccjames.github.io/bible-reading-matrix/HTML/13歷代志上/歷代志上第06章.html
歷代志上第7章,歷代志上,7,https://jaoccjames.github.io/bible-reading-matrix/HTML/13歷代志上/歷代志上第07章.html
歷代志上第8章,歷代志上,8,https://jaoccjames.github.io/bible-reading-matrix/HTML/13歷代志上/歷代志上第08章.html
歷代志上第9章,歷代志上,9,https://jaoccjames.github.io/bible-reading-matrix/HTML/13歷代志上/歷代志上第09章.html
歷代志上第10章,歷代志上,10,https://jaoccjames.github.io/bible-reading-matrix/HTML/13歷代志上/歷代志上第10章.html
歷代志上第11章,歷代志上,11,https://jaoccjames.github.io/bible-reading-matrix/HTML/13歷代志上/歷代志上第11章.html
歷代志上第12章,歷代志上,12,https://jaoccjames.github.io/bible-reading-matrix/HTML/13歷代志上/歷代志上第12章.html
歷代志上第13章,歷代志上,13,https://jaoccjames.github.io/bible-reading-matrix/HTML/13歷代志上/歷代志上第13章.html
歷代志上第14章,歷代志上,14,https://jaoccjames.github.io/bible-reading-matrix/HTML/13歷代志上/歷代志上第14章.html
歷代志上第15章,歷代志上,15,https://jaoccjames.github.io/bible-reading-matrix/HTML/13歷代志上/歷代志上第15章.html
歷代志上第16章,歷代志上,16,https://jaoccjames.github.io/bible-reading-matrix/HTML/13歷代志上/歷代志上第16章.html
歷代志上第17章,歷代志上,17,https://jaoccjames.github.io/bible-reading-matrix/HTML/13歷代志上/歷代志上第17章.html
歷代志上第18章,歷代志上,18,https://jaoccjames.github.io/bible-reading-matrix/HTML/13歷代志上/歷代志上第18章.html
歷代志上第19章,歷代志上,19,https://jaoccjames.github.io/bible-reading-matrix/HTML/13歷代志上/歷代志上第19章.html
歷代志上第20章,歷代志上,20,https://jaoccjames.github.io/bible-reading-matrix/HTML/13歷代志上/歷代志上第20章.html
歷代志上第21章,歷代志上,21,https://jaoccjames.github.io/bible-reading-matrix/HTML/13歷代志上/歷代志上第21章.html
歷代志上第22章,歷代志上,22,https://jaoccjames.github.io/bible-reading-matrix/HTML/13歷代志上/歷代志上第22章.html
歷代志上第23章,歷代志上,23,https://jaoccjames.github.io/bible-reading-matrix/HTML/13歷代志上/歷代志上第23章.html
歷代志上第24章,歷代志上,24,https://jaoccjames.github.io/bible-reading-matrix/HTML/13歷代志上/歷代志上第24章.html
歷代志上第25章,歷代志上,25,https://jaoccjames.github.io/bible-reading-matrix/HTML/13歷代志上/歷代志上第25章.html
歷代志上第26章,歷代志上,26,https://jaoccjames.github.io/bible-reading-matrix/HTML/13歷代志上/歷代志上第26章.html
歷代志上第27章,歷代志上,27,https://jaoccjames.github.io/bible-reading-matrix/HTML/13歷代志上/歷代志上第27章.html
歷代志上第28章,歷代志上,28,https://jaoccjames.github.io/bible-reading-matrix/HTML/13歷代志上/歷代志上第28章.html
歷代志上第29章,歷代志上,29,https://jaoccjames.github.io/bible-reading-matrix/HTML/13歷代志上/歷代志上第29章.html
歷代志下第1章,歷代志下,1,https://jaoccjames.github.io/bible-reading-matrix/HTML/14歷代志下/歷代志下第01章.html
歷代志下第2章,歷代志下,2,https://jaoccjames.github.io/bible-reading-matrix/HTML/14歷代志下/歷代志下第02章.html
歷代志下第3章,歷代志下,3,https://jaoccjames.github.io/bible-reading-matrix/HTML/14歷代志下/歷代志下第03章.html
歷代志下第4章,歷代志下,4,https://jaoccjames.github.io/bible-reading-matrix/HTML/14歷代志下/歷代志下第04章.html
歷代志下第5章,歷代志下,5,https://jaoccjames.github.io/bible-reading-matrix/HTML/14歷代志下/歷代志下第05章.html
歷代志下第6章,歷代志下,6,https://jaoccjames.github.io/bible-reading-matrix/HTML/14歷代志下/歷代志下第06章.html
歷代志下第7章,歷代志下,7,https://jaoccjames.github.io/bible-reading-matrix/HTML/14歷代志下/歷代志下第07章.html
歷代志下第8章,歷代志下,8,https://jaoccjames.github.io/bible-reading-matrix/HTML/14歷代志下/歷代志下第08章.html
歷代志下第9章,歷代志下,9,https://jaoccjames.github.io/bible-reading-matrix/HTML/14歷代志下/歷代志下第09章.html
歷代志下第10章,歷代志下,10,https://jaoccjames.github.io/bible-reading-matrix/HTML/14歷代志下/歷代志下第10章.html
歷代志下第11章,歷代志下,11,https://jaoccjames.github.io/bible-reading-matrix/HTML/14歷代志下/歷代志下第11章.html
歷代志下第12章,歷代志下,12,https://jaoccjames.github.io/bible-reading-matrix/HTML/14歷代志下/歷代志下第12章.html
歷代志下第13章,歷代志下,13,https://jaoccjames.github.io/bible-reading-matrix/HTML/14歷代志下/歷代志下第13章.html
歷代志下第14章,歷代志下,14,https://jaoccjames.github.io/bible-reading-matrix/HTML/14歷代志下/歷代志下第14章.html
歷代志下第15章,歷代志下,15,https://jaoccjames.github.io/bible-reading-matrix/HTML/14歷代志下/歷代志下第15章.html
歷代志下第16章,歷代志下,16,https://jaoccjames.github.io/bible-reading-matrix/HTML/14歷代志下/歷代志下第16章.html
歷代志下第17章,歷代志下,17,https://jaoccjames.github.io/bible-reading-matrix/HTML/14歷代志下/歷代志下第17章.html
歷代志下第18章,歷代志下,18,https://jaoccjames.github.io/bible-reading-matrix/HTML/14歷代志下/歷代志下第18章.html
歷代志下第19章,歷代志下,19,https://jaoccjames.github.io/bible-reading-matrix/HTML/14歷代志下/歷代志下第19章.html
歷代志下第20章,歷代志下,20,https://jaoccjames.github.io/bible-reading-matrix/HTML/14歷代志下/歷代志下第20章.html
歷代志下第21章,歷代志下,21,https://jaoccjames.github.io/bible-reading-matrix/HTML/14歷代志下/歷代志下第21章.html
歷代志下第22章,歷代志下,22,https://jaoccjames.github.io/bible-reading-matrix/HTML/14歷代志下/歷代志下第22章.html
歷代志下第23章,歷代志下,23,https://jaoccjames.github.io/bible-reading-matrix/HTML/14歷代志下/歷代志下第23章.html
歷代志下第24章,歷代志下,24,https://jaoccjames.github.io/bible-reading-matrix/HTML/14歷代志下/歷代志下第24章.html
歷代志下第25章,歷代志下,25,https://jaoccjames.github.io/bible-reading-matrix/HTML/14歷代志下/歷代志下第25章.html
歷代志下第26章,歷代志下,26,https://jaoccjames.github.io/bible-reading-matrix/HTML/14歷代志下/歷代志下第26章.html
歷代志下第27章,歷代志下,27,https://jaoccjames.github.io/bible-reading-matrix/HTML/14歷代志下/歷代志下第27章.html
歷代志下第28章,歷代志下,28,https://jaoccjames.github.io/bible-reading-matrix/HTML/14歷代志下/歷代志下第28章.html
歷代志下第29章,歷代志下,29,https://jaoccjames.github.io/bible-reading-matrix/HTML/14歷代志下/歷代志下第29章.html
歷代志下第30章,歷代志下,30,https://jaoccjames.github.io/bible-reading-matrix/HTML/14歷代志下/歷代志下第30章.html
歷代志下第31章,歷代志下,31,https://jaoccjames.github.io/bible-reading-matrix/HTML/14歷代志下/歷代志下第31章.html
歷代志下第32章,歷代志下,32,https://jaoccjames.github.io/bible-reading-matrix/HTML/14歷代志下/歷代志下第32章.html
歷代志下第33章,歷代志下,33,https://jaoccjames.github.io/bible-reading-matrix/HTML/14歷代志下/歷代志下第33章.html
歷代志下第34章,歷代志下,34,https://jaoccjames.github.io/bible-reading-matrix/HTML/14歷代志下/歷代志下第34章.html
歷代志下第35章,歷代志下,35,https://jaoccjames.github.io/bible-reading-matrix/HTML/14歷代志下/歷代志下第35章.html
歷代志下第36章,歷代志下,36,https://jaoccjames.github.io/bible-reading-matrix/HTML/14歷代志下/歷代志下第36章.html
出埃及記第1章,出埃及記,1,https://jaoccjames.github.io/bible-reading-matrix/HTML/02出埃及記/出埃及記第01章.html
出埃及記第2章,出埃及記,2,https://jaoccjames.github.io/bible-reading-matrix/HTML/02出埃及記/出埃及記第02章.html
出埃及記第3章,出埃及記,3,https://jaoccjames.github.io/bible-reading-matrix/HTML/02出埃及記/出埃及記第03章.html
出埃及記第4章,出埃及記,4,https://jaoccjames.github.io/bible-reading-matrix/HTML/02出埃及記/出埃及記第04章.html
出埃及記第5章,出埃及記,5,https://jaoccjames.github.io/bible-reading-matrix/HTML/02出埃及記/出埃及記第05章.html
出埃及記第6章,出埃及記,6,https://jaoccjames.github.io/bible-reading-matrix/HTML/02出埃及記/出埃及記第06章.html
出埃及記第7章,出埃及記,7,https://jaoccjames.github.io/bible-reading-matrix/HTML/02出埃及記/出埃及記第07章.html
出埃及記第8章,出埃及記,8,https://jaoccjames.github.io/bible-reading-matrix/HTML/02出埃及記/出埃及記第08章.html
出埃及記第9章,出埃及記,9,https://jaoccjames.github.io/bible-reading-matrix/HTML/02出埃及記/出埃及記第09章.html
出埃及記第10章,出埃及記,10,https://jaoccjames.github.io/bible-reading-matrix/HTML/02出埃及記/出埃及記第10章.html
出埃及記第11章,出埃及記,11,https://jaoccjames.github.io/bible-reading-matrix/HTML/02出埃及記/出埃及記第11章.html
出埃及記第12章,出埃及記,12,https://jaoccjames.github.io/bible-reading-matrix/HTML/02出埃及記/出埃及記第12章.html
出埃及記第13章,出埃及記,13,https://jaoccjames.github.io/bible-reading-matrix/HTML/02出埃及記/出埃及記第13章.html
出埃及記第14章,出埃及記,14,https://jaoccjames.github.io/bible-reading-matrix/HTML/02出埃及記/出埃及記第14章.html
出埃及記第15章,出埃及記,15,https://jaoccjames.github.io/bible-reading-matrix/HTML/02出埃及記/出埃及記第15章.html
出埃及記第16章,出埃及記,16,https://jaoccjames.github.io/bible-reading-matrix/HTML/02出埃及記/出埃及記第16章.html
出埃及記第17章,出埃及記,17,https://jaoccjames.github.io/bible-reading-matrix/HTML/02出埃及記/出埃及記第17章.html
出埃及記第18章,出埃及記,18,https://jaoccjames.github.io/bible-reading-matrix/HTML/02出埃及記/出埃及記第18章.html
出埃及記第19章,出埃及記,19,https://jaoccjames.github.io/bible-reading-matrix/HTML/02出埃及記/出埃及記第19章.html
出埃及記第20章,出埃及記,20,https://jaoccjames.github.io/bible-reading-matrix/HTML/02出埃及記/出埃及記第20章.html
出埃及記第21章,出埃及記,21,https://jaoccjames.github.io/bible-reading-matrix/HTML/02出埃及記/出埃及記第21章.html
出埃及記第22章,出埃及記,22,https://jaoccjames.github.io/bible-reading-matrix/HTML/02出埃及記/出埃及記第22章.html
出埃及記第23章,出埃及記,23,https://jaoccjames.github.io/bible-reading-matrix/HTML/02出埃及記/出埃及記第23章.html
出埃及記第24章,出埃及記,24,https://jaoccjames.github.io/bible-reading-matrix/HTML/02出埃及記/出埃及記第24章.html
出埃及記第25章,出埃及記,25,https://jaoccjames.github.io/bible-reading-matrix/HTML/02出埃及記/出埃及記第25章.html
出埃及記第26章,出埃及記,26,https://jaoccjames.github.io/bible-reading-matrix/HTML/02出埃及記/出埃及記第26章.html
出埃及記第27章,出埃及記,27,https://jaoccjames.github.io/bible-reading-matrix/HTML/02出埃及記/出埃及記第27章.html
出埃及記第28章,出埃及記,28,https://jaoccjames.github.io/bible-reading-matrix/HTML/02出埃及記/出埃及記第28章.html
出埃及記第29章,出埃及記,29,https://jaoccjames.github.io/bible-reading-matrix/HTML/02出埃及記/出埃及記第29章.html
出埃及記第30章,出埃及記,30,https://jaoccjames.github.io/bible-reading-matrix/HTML/02出埃及記/出埃及記第30章.html
出埃及記第31章,出埃及記,31,https://jaoccjames.github.io/bible-reading-matrix/HTML/02出埃及記/出埃及記第31章.html
出埃及記第32章,出埃及記,32,https://jaoccjames.github.io/bible-reading-matrix/HTML/02出埃及記/出埃及記第32章.html
出埃及記第33章,出埃及記,33,https://jaoccjames.github.io/bible-reading-matrix/HTML/02出埃及記/出埃及記第33章.html
出埃及記第34章,出埃及記,34,https://jaoccjames.github.io/bible-reading-matrix/HTML/02出埃及記/出埃及記第34章.html
出埃及記第35章,出埃及記,35,https://jaoccjames.github.io/bible-reading-matrix/HTML/02出埃及記/出埃及記第35章.html
出埃及記第36章,出埃及記,36,https://jaoccjames.github.io/bible-reading-matrix/HTML/02出埃及記/出埃及記第36章.html
出埃及記第37章,出埃及記,37,https://jaoccjames.github.io/bible-reading-matrix/HTML/02出埃及記/出埃及記第37章.html
出埃及記第38章,出埃及記,38,https://jaoccjames.github.io/bible-reading-matrix/HTML/02出埃及記/出埃及記第38章.html
出埃及記第39章,出埃及記,39,https://jaoccjames.github.io/bible-reading-matrix/HTML/02出埃及記/出埃及記第39章.html
出埃及記第40章,出埃及記,40,https://jaoccjames.github.io/bible-reading-matrix/HTML/02出埃及記/出埃及記第40章.html
利未記第1章,利未記,1,https://jaoccjames.github.io/bible-reading-matrix/HTML/03利未記/利未記第01章.html
利未記第2章,利未記,2,https://jaoccjames.github.io/bible-reading-matrix/HTML/03利未記/利未記第02章.html
利未記第3章,利未記,3,https://jaoccjames.github.io/bible-reading-matrix/HTML/03利未記/利未記第03章.html
利未記第4章,利未記,4,https://jaoccjames.github.io/bible-reading-matrix/HTML/03利未記/利未記第04章.html
利未記第5章,利未記,5,https://jaoccjames.github.io/bible-reading-matrix/HTML/03利未記/利未記第05章.html
利未記第6章,利未記,6,https://jaoccjames.github.io/bible-reading-matrix/HTML/03利未記/利未記第06章.html
利未記第7章,利未記,7,https://jaoccjames.github.io/bible-reading-matrix/HTML/03利未記/利未記第07章.html
利未記第8章,利未記,8,https://jaoccjames.github.io/bible-reading-matrix/HTML/03利未記/利未記第08章.html
利未記第9章,利未記,9,https://jaoccjames.github.io/bible-reading-matrix/HTML/03利未記/利未記第09章.html
利未記第10章,利未記,10,https://jaoccjames.github.io/bible-reading-matrix/HTML/03利未記/利未記第10章.html
利未記第11章,利未記,11,https://jaoccjames.github.io/bible-reading-matrix/HTML/03利未記/利未記第11章.html
利未記第12章,利未記,12,https://jaoccjames.github.io/bible-reading-matrix/HTML/03利未記/利未記第12章.html
利未記第13章,利未記,13,https://jaoccjames.github.io/bible-reading-matrix/HTML/03利未記/利未記第13章.html
利未記第14章,利未記,14,https://jaoccjames.github.io/bible-reading-matrix/HTML/03利未記/利未記第14章.html
利未記第15章,利未記,15,https://jaoccjames.github.io/bible-reading-matrix/HTML/03利未記/利未記第15章.html
利未記第16章,利未記,16,https://jaoccjames.github.io/bible-reading-matrix/HTML/03利未記/利未記第16章.html
利未記第17章,利未記,17,https://jaoccjames.github.io/bible-reading-matrix/HTML/03利未記/利未記第17章.html
利未記第18章,利未記,18,https://jaoccjames.github.io/bible-reading-matrix/HTML/03利未記/利未記第18章.html
利未記第19章,利未記,19,https://jaoccjames.github.io/bible-reading-matrix/HTML/03利未記/利未記第19章.html
利未記第20章,利未記,20,https://jaoccjames.github.io/bible-reading-matrix/HTML/03利未記/利未記第20章.html
利未記第21章,利未記,21,https://jaoccjames.github.io/bible-reading-matrix/HTML/03利未記/利未記第21章.html
利未記第22章,利未記,22,https://jaoccjames.github.io/bible-reading-matrix/HTML/03利未記/利未記第22章.html
利未記第23章,利未記,23,https://jaoccjames.github.io/bible-reading-matrix/HTML/03利未記/利未記第23章.html
利未記第24章,利未記,24,https://jaoccjames.github.io/bible-reading-matrix/HTML/03利未記/利未記第24章.html
利未記第25章,利未記,25,https://jaoccjames.github.io/bible-reading-matrix/HTML/03利未記/利未記第25章.html
利未記第26章,利未記,26,https://jaoccjames.github.io/bible-reading-matrix/HTML/03利未記/利未記第26章.html
利未記第27章,利未記,27,https://jaoccjames.github.io/bible-reading-matrix/HTML/03利未記/利未記第27章.html
民數記第1章,民數記,1,https://jaoccjames.github.io/bible-reading-matrix/HTML/04民數記/民數記第01章.html
民數記第2章,民數記,2,https://jaoccjames.github.io/bible-reading-matrix/HTML/04民數記/民數記第02章.html
民數記第3章,民數記,3,https://jaoccjames.github.io/bible-reading-matrix/HTML/04民數記/民數記第03章.html
民數記第4章,民數記,4,https://jaoccjames.github.io/bible-reading-matrix/HTML/04民數記/民數記第04章.html
民數記第5章,民數記,5,https://jaoccjames.github.io/bible-reading-matrix/HTML/04民數記/民數記第05章.html
民數記第6章,民數記,6,https://jaoccjames.github.io/bible-reading-matrix/HTML/04民數記/民數記第06章.html
民數記第7章,民數記,7,https://jaoccjames.github.io/bible-reading-matrix/HTML/04民數記/民數記第07章.html
民數記第8章,民數記,8,https://jaoccjames.github.io/bible-reading-matrix/HTML/04民數記/民數記第08章.html
民數記第9章,民數記,9,https://jaoccjames.github.io/bible-reading-matrix/HTML/04民數記/民數記第09章.html
民數記第10章,民數記,10,https://jaoccjames.github.io/bible-reading-matrix/HTML/04民數記/民數記第10章.html
民數記第11章,民數記,11,https://jaoccjames.github.io/bible-reading-matrix/HTML/04民數記/民數記第11章.html
民數記第12章,民數記,12,https://jaoccjames.github.io/bible-reading-matrix/HTML/04民數記/民數記第12章.html
民數記第13章,民數記,13,https://jaoccjames.github.io/bible-reading-matrix/HTML/04民數記/民數記第13章.html
民數記第14章,民數記,14,https://jaoccjames.github.io/bible-reading-matrix/HTML/04民數記/民數記第14章.html
民數記第15章,民數記,15,https://jaoccjames.github.io/bible-reading-matrix/HTML/04民數記/民數記第15章.html
民數記第16章,民數記,16,https://jaoccjames.github.io/bible-reading-matrix/HTML/04民數記/民數記第16章.html
民數記第17章,民數記,17,https://jaoccjames.github.io/bible-reading-matrix/HTML/04民數記/民數記第17章.html
民數記第18章,民數記,18,https://jaoccjames.github.io/bible-reading-matrix/HTML/04民數記/民數記第18章.html
民數記第19章,民數記,19,https://jaoccjames.github.io/bible-reading-matrix/HTML/04民數記/民數記第19章.html
民數記第20章,民數記,20,https://jaoccjames.github.io/bible-reading-matrix/HTML/04民數記/民數記第20章.html
民數記第21章,民數記,21,https://jaoccjames.github.io/bible-reading-matrix/HTML/04民數記/民數記第21章.html
民數記第22章,民數記,22,https://jaoccjames.github.io/bible-reading-matrix/HTML/04民數記/民數記第22章.html
民數記第23章,民數記,23,https://jaoccjames.github.io/bible-reading-matrix/HTML/04民數記/民數記第23章.html
民數記第24章,民數記,24,https://jaoccjames.github.io/bible-reading-matrix/HTML/04民數記/民數記第24章.html
民數記第25章,民數記,25,https://jaoccjames.github.io/bible-reading-matrix/HTML/04民數記/民數記第25章.html
民數記第26章,民數記,26,https://jaoccjames.github.io/bible-reading-matrix/HTML/04民數記/民數記第26章.html
民數記第27章,民數記,27,https://jaoccjames.github.io/bible-reading-matrix/HTML/04民數記/民數記第27章.html
民數記第28章,民數記,28,https://jaoccjames.github.io/bible-reading-matrix/HTML/04民數記/民數記第28章.html
民數記第29章,民數記,29,https://jaoccjames.github.io/bible-reading-matrix/HTML/04民數記/民數記第29章.html
民數記第30章,民數記,30,https://jaoccjames.github.io/bible-reading-matrix/HTML/04民數記/民數記第30章.html
民數記第31章,民數記,31,https://jaoccjames.github.io/bible-reading-matrix/HTML/04民數記/民數記第31章.html
民數記第32章,民數記,32,https://jaoccjames.github.io/bible-reading-matrix/HTML/04民數記/民數記第32章.html
民數記第33章,民數記,33,https://jaoccjames.github.io/bible-reading-matrix/HTML/04民數記/民數記第33章.html
民數記第34章,民數記,34,https://jaoccjames.github.io/bible-reading-matrix/HTML/04民數記/民數記第34章.html
民數記第35章,民數記,35,https://jaoccjames.github.io/bible-reading-matrix/HTML/04民數記/民數記第35章.html
民數記第36章,民數記,36,https://jaoccjames.github.io/bible-reading-matrix/HTML/04民數記/民數記第36章.html
申命記第1章,申命記,1,https://jaoccjames.github.io/bible-reading-matrix/HTML/05申命記/申命記第01章.html
申命記第2章,申命記,2,https://jaoccjames.github.io/bible-reading-matrix/HTML/05申命記/申命記第02章.html
申命記第3章,申命記,3,https://jaoccjames.github.io/bible-reading-matrix/HTML/05申命記/申命記第03章.html
申命記第4章,申命記,4,https://jaoccjames.github.io/bible-reading-matrix/HTML/05申命記/申命記第04章.html
申命記第5章,申命記,5,https://jaoccjames.github.io/bible-reading-matrix/HTML/05申命記/申命記第05章.html
申命記第6章,申命記,6,https://jaoccjames.github.io/bible-reading-matrix/HTML/05申命記/申命記第06章.html
申命記第7章,申命記,7,https://jaoccjames.github.io/bible-reading-matrix/HTML/05申命記/申命記第07章.html
申命記第8章,申命記,8,https://jaoccjames.github.io/bible-reading-matrix/HTML/05申命記/申命記第08章.html
申命記第9章,申命記,9,https://jaoccjames.github.io/bible-reading-matrix/HTML/05申命記/申命記第09章.html
申命記第10章,申命記,10,https://jaoccjames.github.io/bible-reading-matrix/HTML/05申命記/申命記第10章.html
申命記第11章,申命記,11,https://jaoccjames.github.io/bible-reading-matrix/HTML/05申命記/申命記第11章.html
申命記第12章,申命記,12,https://jaoccjames.github.io/bible-reading-matrix/HTML/05申命記/申命記第12章.html
申命記第13章,申命記,13,https://jaoccjames.github.io/bible-reading-matrix/HTML/05申命記/申命記第13章.html
申命記第14章,申命記,14,https://jaoccjames.github.io/bible-reading-matrix/HTML/05申命記/申命記第14章.html
申命記第15章,申命記,15,https://jaoccjames.github.io/bible-reading-matrix/HTML/05申命記/申命記第15章.html
申命記第16章,申命記,16,https://jaoccjames.github.io/bible-reading-matrix/HTML/05申命記/申命記第16章.html
申命記第17章,申命記,17,https://jaoccjames.github.io/bible-reading-matrix/HTML/05申命記/申命記第17章.html
申命記第18章,申命記,18,https://jaoccjames.github.io/bible-reading-matrix/HTML/05申命記/申命記第18章.html
申命記第19章,申命記,19,https://jaoccjames.github.io/bible-reading-matrix/HTML/05申命記/申命記第19章.html
申命記第20章,申命記,20,https://jaoccjames.github.io/bible-reading-matrix/HTML/05申命記/申命記第20章.html
申命記第21章,申命記,21,https://jaoccjames.github.io/bible-reading-matrix/HTML/05申命記/申命記第21章.html
申命記第22章,申命記,22,https://jaoccjames.github.io/bible-reading-matrix/HTML/05申命記/申命記第22章.html
申命記第23章,申命記,23,https://jaoccjames.github.io/bible-reading-matrix/HTML/05申命記/申命記第23章.html
申命記第24章,申命記,24,https://jaoccjames.github.io/bible-reading-matrix/HTML/05申命記/申命記第24章.html
申命記第25章,申命記,25,https://jaoccjames.github.io/bible-reading-matrix/HTML/05申命記/申命記第25章.html
申命記第26章,申命記,26,https://jaoccjames.github.io/bible-reading-matrix/HTML/05申命記/申命記第26章.html
申命記第27章,申命記,27,https://jaoccjames.github.io/bible-reading-matrix/HTML/05申命記/申命記第27章.html
申命記第28章,申命記,28,https://jaoccjames.github.io/bible-reading-matrix/HTML/05申命記/申命記第28章.html
申命記第29章,申命記,29,https://jaoccjames.github.io/bible-reading-matrix/HTML/05申命記/申命記第29章.html
申命記第30章,申命記,30,https://jaoccjames.github.io/bible-reading-matrix/HTML/05申命記/申命記第30章.html
申命記第31章,申命記,31,https://jaoccjames.github.io/bible-reading-matrix/HTML/05申命記/申命記第31章.html
申命記第32章,申命記,32,https://jaoccjames.github.io/bible-reading-matrix/HTML/05申命記/申命記第32章.html
申命記第33章,申命記,33,https://jaoccjames.github.io/bible-reading-matrix/HTML/05申命記/申命記第33章.html
申命記第34章,申命記,34,https://jaoccjames.github.io/bible-reading-matrix/HTML/05申命記/申命記第34章.html
約書亞記第1章,約書亞記,1,https://jaoccjames.github.io/bible-reading-matrix/HTML/06約書亞記/約書亞記第01章.html
約書亞記第2章,約書亞記,2,https://jaoccjames.github.io/bible-reading-matrix/HTML/06約書亞記/約書亞記第02章.html
約書亞記第3章,約書亞記,3,https://jaoccjames.github.io/bible-reading-matrix/HTML/06約書亞記/約書亞記第03章.html
約書亞記第4章,約書亞記,4,https://jaoccjames.github.io/bible-reading-matrix/HTML/06約書亞記/約書亞記第04章.html
約書亞記第5章,約書亞記,5,https://jaoccjames.github.io/bible-reading-matrix/HTML/06約書亞記/約書亞記第05章.html
約書亞記第6章,約書亞記,6,https://jaoccjames.github.io/bible-reading-matrix/HTML/06約書亞記/約書亞記第06章.html
約書亞記第7章,約書亞記,7,https://jaoccjames.github.io/bible-reading-matrix/HTML/06約書亞記/約書亞記第07章.html
約書亞記第8章,約書亞記,8,https://jaoccjames.github.io/bible-reading-matrix/HTML/06約書亞記/約書亞記第08章.html
約書亞記第9章,約書亞記,9,https://jaoccjames.github.io/bible-reading-matrix/HTML/06約書亞記/約書亞記第09章.html
約書亞記第10章,約書亞記,10,https://jaoccjames.github.io/bible-reading-matrix/HTML/06約書亞記/約書亞記第10章.html
約書亞記第11章,約書亞記,11,https://jaoccjames.github.io/bible-reading-matrix/HTML/06約書亞記/約書亞記第11章.html
約書亞記第12章,約書亞記,12,https://jaoccjames.github.io/bible-reading-matrix/HTML/06約書亞記/約書亞記第12章.html
約書亞記第13章,約書亞記,13,https://jaoccjames.github.io/bible-reading-matrix/HTML/06約書亞記/約書亞記第13章.html
約書亞記第14章,約書亞記,14,https://jaoccjames.github.io/bible-reading-matrix/HTML/06約書亞記/約書亞記第14章.html
約書亞記第15章,約書亞記,15,https://jaoccjames.github.io/bible-reading-matrix/HTML/06約書亞記/約書亞記第15章.html
約書亞記第16章,約書亞記,16,https://jaoccjames.github.io/bible-reading-matrix/HTML/06約書亞記/約書亞記第16章.html
約書亞記第17章,約書亞記,17,https://jaoccjames.github.io/bible-reading-matrix/HTML/06約書亞記/約書亞記第17章.html
約書亞記第18章,約書亞記,18,https://jaoccjames.github.io/bible-reading-matrix/HTML/06約書亞記/約書亞記第18章.html
約書亞記第19章,約書亞記,19,https://jaoccjames.github.io/bible-reading-matrix/HTML/06約書亞記/約書亞記第19章.html
約書亞記第20章,約書亞記,20,https://jaoccjames.github.io/bible-reading-matrix/HTML/06約書亞記/約書亞記第20章.html
約書亞記第21章,約書亞記,21,https://jaoccjames.github.io/bible-reading-matrix/HTML/06約書亞記/約書亞記第21章.html
約書亞記第22章,約書亞記,22,https://jaoccjames.github.io/bible-reading-matrix/HTML/06約書亞記/約書亞記第22章.html
約書亞記第23章,約書亞記,23,https://jaoccjames.github.io/bible-reading-matrix/HTML/06約書亞記/約書亞記第23章.html
約書亞記第24章,約書亞記,24,https://jaoccjames.github.io/bible-reading-matrix/HTML/06約書亞記/約書亞記第24章.html
列王紀上第01章,列王紀上,01,https://jaoccjames.github.io/bible-reading-matrix/HTML/11列王紀上/列王紀上第01章
列王紀上第02章,列王紀上,02,https://jaoccjames.github.io/bible-reading-matrix/HTML/11列王紀上/列王紀上第02章
列王紀上第03章,列王紀上,03,https://jaoccjames.github.io/bible-reading-matrix/HTML/11列王紀上/列王紀上第03章
列王紀上第04章,列王紀上,04,https://jaoccjames.github.io/bible-reading-matrix/HTML/11列王紀上/列王紀上第04章
列王紀上第05章,列王紀上,05,https://jaoccjames.github.io/bible-reading-matrix/HTML/11列王紀上/列王紀上第05章
列王紀上第06章,列王紀上,06,https://jaoccjames.github.io/bible-reading-matrix/HTML/11列王紀上/列王紀上第06章
列王紀上第07章,列王紀上,07,https://jaoccjames.github.io/bible-reading-matrix/HTML/11列王紀上/列王紀上第07章
列王紀上第08章,列王紀上,08,https://jaoccjames.github.io/bible-reading-matrix/HTML/11列王紀上/列王紀上第08章
列王紀上第09章,列王紀上,09,https://jaoccjames.github.io/bible-reading-matrix/HTML/11列王紀上/列王紀上第09章
列王紀上第10章,列王紀上,10,https://jaoccjames.github.io/bible-reading-matrix/HTML/11列王紀上/列王紀上第10章
列王紀上第11章,列王紀上,11,https://jaoccjames.github.io/bible-reading-matrix/HTML/11列王紀上/列王紀上第11章
列王紀上第12章,列王紀上,12,https://jaoccjames.github.io/bible-reading-matrix/HTML/11列王紀上/列王紀上第12章
列王紀上第13章,列王紀上,13,https://jaoccjames.github.io/bible-reading-matrix/HTML/11列王紀上/列王紀上第13章
列王紀上第14章,列王紀上,14,https://jaoccjames.github.io/bible-reading-matrix/HTML/11列王紀上/列王紀上第14章
列王紀上第15章,列王紀上,15,https://jaoccjames.github.io/bible-reading-matrix/HTML/11列王紀上/列王紀上第15章
列王紀上第16章,列王紀上,16,https://jaoccjames.github.io/bible-reading-matrix/HTML/11列王紀上/列王紀上第16章
列王紀上第17章,列王紀上,17,https://jaoccjames.github.io/bible-reading-matrix/HTML/11列王紀上/列王紀上第17章
列王紀上第18章,列王紀上,18,https://jaoccjames.github.io/bible-reading-matrix/HTML/11列王紀上/列王紀上第18章
列王紀上第19章,列王紀上,19,https://jaoccjames.github.io/bible-reading-matrix/HTML/11列王紀上/列王紀上第19章
列王紀上第20章,列王紀上,20,https://jaoccjames.github.io/bible-reading-matrix/HTML/11列王紀上/列王紀上第20章
列王紀上第21章,列王紀上,21,https://jaoccjames.github.io/bible-reading-matrix/HTML/11列王紀上/列王紀上第21章
列王紀上第22章,列王紀上,22,https://jaoccjames.github.io/bible-reading-matrix/HTML/11列王紀上/列王紀上第22章
列王紀下第01章,列王紀下,01,https://jaoccjames.github.io/bible-reading-matrix/HTML/12列王紀下/列王紀下第01章
列王紀下第02章,列王紀下,02,https://jaoccjames.github.io/bible-reading-matrix/HTML/12列王紀下/列王紀下第02章
列王紀下第03章,列王紀下,03,https://jaoccjames.github.io/bible-reading-matrix/HTML/12列王紀下/列王紀下第03章
列王紀下第04章,列王紀下,04,https://jaoccjames.github.io/bible-reading-matrix/HTML/12列王紀下/列王紀下第04章
列王紀下第05章,列王紀下,05,https://jaoccjames.github.io/bible-reading-matrix/HTML/12列王紀下/列王紀下第05章
列王紀下第06章,列王紀下,06,https://jaoccjames.github.io/bible-reading-matrix/HTML/12列王紀下/列王紀下第06章
列王紀下第07章,列王紀下,07,https://jaoccjames.github.io/bible-reading-matrix/HTML/12列王紀下/列王紀下第07章
列王紀下第08章,列王紀下,08,https://jaoccjames.github.io/bible-reading-matrix/HTML/12列王紀下/列王紀下第08章
列王紀下第09章,列王紀下,09,https://jaoccjames.github.io/bible-reading-matrix/HTML/12列王紀下/列王紀下第09章
列王紀下第10章,列王紀下,10,https://jaoccjames.github.io/bible-reading-matrix/HTML/12列王紀下/列王紀下第10章
列王紀下第11章,列王紀下,11,https://jaoccjames.github.io/bible-reading-matrix/HTML/12列王紀下/列王紀下第11章
列王紀下第12章,列王紀下,12,https://jaoccjames.github.io/bible-reading-matrix/HTML/12列王紀下/列王紀下第12章
列王紀下第13章,列王紀下,13,https://jaoccjames.github.io/bible-reading-matrix/HTML/12列王紀下/列王紀下第13章
列王紀下第14章,列王紀下,14,https://jaoccjames.github.io/bible-reading-matrix/HTML/12列王紀下/列王紀下第14章
列王紀下第15章,列王紀下,15,https://jaoccjames.github.io/bible-reading-matrix/HTML/12列王紀下/列王紀下第15章
列王紀下第16章,列王紀下,16,https://jaoccjames.github.io/bible-reading-matrix/HTML/12列王紀下/列王紀下第16章
列王紀下第17章,列王紀下,17,https://jaoccjames.github.io/bible-reading-matrix/HTML/12列王紀下/列王紀下第17章
列王紀下第18章,列王紀下,18,https://jaoccjames.github.io/bible-reading-matrix/HTML/12列王紀下/列王紀下第18章
列王紀下第19章,列王紀下,19,https://jaoccjames.github.io/bible-reading-matrix/HTML/12列王紀下/列王紀下第19章
列王紀下第20章,列王紀下,20,https://jaoccjames.github.io/bible-reading-matrix/HTML/12列王紀下/列王紀下第20章
列王紀下第21章,列王紀下,21,https://jaoccjames.github.io/bible-reading-matrix/HTML/12列王紀下/列王紀下第21章
列王紀下第22章,列王紀下,22,https://jaoccjames.github.io/bible-reading-matrix/HTML/12列王紀下/列王紀下第22章
列王紀下第23章,列王紀下,23,https://jaoccjames.github.io/bible-reading-matrix/HTML/12列王紀下/列王紀下第23章
列王紀下第24章,列王紀下,24,https://jaoccjames.github.io/bible-reading-matrix/HTML/12列王紀下/列王紀下第24章
列王紀下第25章,列王紀下,25,https://jaoccjames.github.io/bible-reading-matrix/HTML/12列王紀下/列王紀下第25章
